[{"line":1,"elements":[{"start_timestamp":"2023-05-30T09:50:03.852Z","before":[{"result":{"duration":957196600,"status":"passed"},"match":{"location":"StepDefinition.Hooks.setup()"}}],"line":11,"name":"1. Cannot access home page unless the correct username and password are entered","description":"","id":"login;1.-cannot-access-home-page-unless-the-correct-username-and-password-are-entered;;2","after":[{"result":{"duration":282124200,"status":"passed"},"match":{"location":"StepDefinition.Hooks.tearDown()"}}],"type":"scenario","keyword":"Scenario Outline","steps":[{"result":{"duration":1839567000,"status":"passed"},"line":4,"name":"I am on the login screen","match":{"location":"StepDefinition.LoginStep.iAmOnTheLoginScreen()"},"after":[{"result":{"duration":739800,"status":"passed"},"match":{"location":"StepDefinition.Hooks.addScreenshot(io.cucumber.java.Scenario)"}}],"keyword":"Given "},{"result":{"duration":2085667400,"status":"passed"},"line":5,"name":"I enter wrong Username \"kiran@yexle.com\"","match":{"arguments":[{"val":"\"kiran@yexle.com\"","offset":23}],"location":"StepDefinition.LoginStep.iEnterWrongUsername(java.lang.String)"},"after":[{"result":{"status":"passed"},"match":{"location":"StepDefinition.Hooks.addScreenshot(io.cucumber.java.Scenario)"}}],"keyword":"And "},{"result":{"duration":2109497900,"status":"passed"},"line":6,"name":"I enter the wrong password \"12345\"","match":{"arguments":[{"val":"\"12345\"","offset":27}],"location":"StepDefinition.LoginStep.iEnterTheWrongPassword(java.lang.String)"},"after":[{"result":{"status":"passed"},"match":{"location":"StepDefinition.Hooks.addScreenshot(io.cucumber.java.Scenario)"}}],"keyword":"And "},{"result":{"duration":3718260000,"status":"passed"},"line":7,"name":"I press Log in","match":{"location":"StepDefinition.LoginStep.iPressLogIn()"},"after":[{"result":{"status":"passed"},"match":{"location":"StepDefinition.Hooks.addScreenshot(io.cucumber.java.Scenario)"}}],"keyword":"When "},{"result":{"duration":3061678200,"status":"passed"},"line":8,"name":"I should see an error message telling me the login attempt was invalid","match":{"location":"StepDefinition.LoginStep.iShouldSeeAnErrorMessageTellingMeTheLoginAttemptWasInvalid()"},"after":[{"result":{"status":"passed"},"match":{"location":"StepDefinition.Hooks.addScreenshot(io.cucumber.java.Scenario)"}}],"keyword":"Then "}],"tags":[{"name":"@SmokeTest"}]},{"start_timestamp":"2023-05-30T09:50:17.952Z","before":[{"result":{"duration":1078104700,"status":"passed"},"match":{"location":"StepDefinition.Hooks.setup()"}}],"line":15,"name":"2. Login successfully","description":"","id":"login;2.-login-successfully","after":[{"result":{"duration":275956800,"status":"passed"},"match":{"location":"StepDefinition.Hooks.tearDown()"}}],"type":"scenario","keyword":"Scenario","steps":[{"result":{"duration":1007458800,"status":"passed"},"line":16,"name":"I am on the login screen","match":{"location":"StepDefinition.LoginStep.iAmOnTheLoginScreen()"},"after":[{"result":{"duration":999100,"status":"passed"},"match":{"location":"StepDefinition.Hooks.addScreenshot(io.cucumber.java.Scenario)"}}],"keyword":"Given "},{"result":{"duration":57332400,"status":"passed"},"line":17,"name":"I enter Username","match":{"location":"StepDefinition.LoginStep.iEnterUsername()"},"after":[{"result":{"status":"passed"},"match":{"location":"StepDefinition.Hooks.addScreenshot(io.cucumber.java.Scenario)"}}],"keyword":"And "},{"result":{"duration":2078901700,"status":"passed"},"line":18,"name":"I enter the correct password","match":{"location":"StepDefinition.LoginStep.iEnterTheCorrectPassword()"},"after":[{"result":{"status":"passed"},"match":{"location":"StepDefinition.Hooks.addScreenshot(io.cucumber.java.Scenario)"}}],"keyword":"And "},{"result":{"duration":9332011200,"status":"passed"},"line":19,"name":"I press Log in","match":{"location":"StepDefinition.LoginStep.iPressLogIn()"},"after":[{"result":{"status":"passed"},"match":{"location":"StepDefinition.Hooks.addScreenshot(io.cucumber.java.Scenario)"}}],"keyword":"When "},{"result":{"duration":50255800,"status":"passed"},"line":20,"name":"I should see the HomePage","match":{"location":"StepDefinition.LoginStep.iShouldSeeTheHomePage()"},"after":[{"result":{"status":"passed"},"match":{"location":"StepDefinition.Hooks.addScreenshot(io.cucumber.java.Scenario)"}}],"keyword":"Then "}],"tags":[{"name":"@SmokeTest"}]},{"start_timestamp":"2023-05-30T09:50:31.869Z","before":[{"result":{"duration":1119800900,"status":"passed"},"match":{"location":"StepDefinition.Hooks.setup()"}}],"line":23,"name":"Logout Successfully","description":"","id":"login;logout-successfully","after":[{"result":{"duration":381574500,"status":"passed"},"match":{"location":"StepDefinition.Hooks.tearDown()"}}],"type":"scenario","keyword":"Scenario","steps":[{"result":{"duration":623939600,"status":"passed"},"line":24,"name":"I am on the login screen","match":{"location":"StepDefinition.LoginStep.iAmOnTheLoginScreen()"},"after":[{"result":{"duration":995700,"status":"passed"},"match":{"location":"StepDefinition.Hooks.addScreenshot(io.cucumber.java.Scenario)"}}],"keyword":"Given "},{"result":{"duration":75775800,"status":"passed"},"line":25,"name":"I enter Username","match":{"location":"StepDefinition.LoginStep.iEnterUsername()"},"after":[{"result":{"status":"passed"},"match":{"location":"StepDefinition.Hooks.addScreenshot(io.cucumber.java.Scenario)"}}],"keyword":"And "},{"result":{"duration":2111420200,"status":"passed"},"line":26,"name":"I enter the correct password","match":{"location":"StepDefinition.LoginStep.iEnterTheCorrectPassword()"},"after":[{"result":{"status":"passed"},"match":{"location":"StepDefinition.Hooks.addScreenshot(io.cucumber.java.Scenario)"}}],"keyword":"And "},{"result":{"duration":7841733600,"status":"passed"},"line":27,"name":"I press Log in","match":{"location":"StepDefinition.LoginStep.iPressLogIn()"},"after":[{"result":{"status":"passed"},"match":{"location":"StepDefinition.Hooks.addScreenshot(io.cucumber.java.Scenario)"}}],"keyword":"And "},{"result":{"duration":49508300,"status":"passed"},"line":28,"name":"I should see the HomePage","match":{"location":"StepDefinition.LoginStep.iShouldSeeTheHomePage()"},"after":[{"result":{"duration":999900,"status":"passed"},"match":{"location":"StepDefinition.Hooks.addScreenshot(io.cucumber.java.Scenario)"}}],"keyword":"And "},{"result":{"duration":3157153100,"status":"passed"},"line":29,"name":"I click on user Profile","match":{"location":"StepDefinition.LoginStep.iClickOnUserProfile()"},"after":[{"result":{"status":"passed"},"match":{"location":"StepDefinition.Hooks.addScreenshot(io.cucumber.java.Scenario)"}}],"keyword":"When "},{"result":{"duration":3591659000,"status":"passed"},"line":30,"name":"I click on SignOut button","match":{"location":"StepDefinition.LoginStep.iClickOnSignOutButton()"},"after":[{"result":{"status":"passed"},"match":{"location":"StepDefinition.Hooks.addScreenshot(io.cucumber.java.Scenario)"}}],"keyword":"And "},{"result":{"duration":5054863200,"status":"passed"},"line":31,"name":"I should see Login page","match":{"location":"StepDefinition.LoginStep.iShouldSeeLoginPage()"},"after":[{"result":{"status":"passed"},"match":{"location":"StepDefinition.Hooks.addScreenshot(io.cucumber.java.Scenario)"}}],"keyword":"Then "}],"tags":[{"name":"@SmokeTest"}]}],"name":"Login","description":"","id":"login","keyword":"Feature","uri":"file:src/test/resources/Features/Login.feature","tags":[]}]